country,year,yhat,lightgbm_pred,hybrid_forecast,energy_yhat,energy_lightgbm_pred,energy_forecast
Brazil,1993,254.97366048919312,407.43440866470337,331.20403457694823,1725.9360024302223,2904.627716064453,2315.2818592473377
Brazil,1994,264.87799545653775,407.43440866470337,336.15620206062056,1833.8042125569314,2904.627716064453,2369.2159643106925
Brazil,1995,273.84182182810457,407.43440866470337,340.63811524640397,1921.142313053741,2904.627716064453,2412.885014559097
Brazil,1996,281.86790717538713,407.43440866470337,344.65115792004525,1987.9385579611235,2904.627716064453,2446.2831370127883
Brazil,1997,299.3621388513237,407.43440866470337,353.39827375801354,2041.2268588191369,2904.627716064453,2472.9272874417948
Brazil,1998,309.26647381403626,407.43440866470337,358.35044123936984,2149.0950682757907,2904.627716064453,2526.8613921701217
Brazil,1999,318.2303001801352,407.43440866470337,362.83235442241926,2236.4331686115015,2904.627716064453,2570.5304423379775
Brazil,2000,326.25638552186047,407.43440866470337,366.8453970932819,2303.2294133326636,2904.627716064453,2603.928564698558
Brazil,2001,343.75061719624034,407.43440866470337,375.59251293047186,2356.517713934367,2904.627716064453,2630.57271499941
Brazil,2002,353.6549521598759,407.43440866470337,380.5446804122896,2464.3859237761744,2904.627716064453,2684.506819920314
Brazil,2003,362.6187785294189,407.43440866470337,385.02659359706115,2551.7293672023734,2904.627716064453,2728.1785416334133
Brazil,2004,370.6448638801738,407.43440866470337,389.03963627243854,2618.5322436766746,2904.627716064453,2761.579979870564
Brazil,2005,388.1390955588329,407.43440866470337,397.7867521117681,2671.8876922686736,2904.627716064453,2788.2577041665636
Brazil,2006,398.043430526041,407.43440866470337,402.7389195953722,2779.834681121985,2904.627716064453,2842.2311985932192
Brazil,2007,407.0072568967879,407.43440866470337,407.22083278074564,2867.2515611110716,2904.627716064453,2885.9396385877626
Brazil,2008,415.0333422420746,407.43440866470337,411.233875453389,2934.1265856602167,2904.627716064453,2919.377150862335
Brazil,2009,432.5275739171198,407.43440866470337,419.98099129091156,2987.4938818730316,2904.627716064453,2946.0607989687423
Brazil,2010,442.43190887360277,407.43440866470337,424.93315876915307,3095.440870665905,2904.627716064453,3000.034293365179
Brazil,2011,451.39497945398153,407.43440866470337,429.4146940593424,3182.8529132031686,2904.627716064453,3043.740314633811
Brazil,2012,459.4149178397298,407.43440866470337,433.4246632522166,3249.6996640708994,2904.627716064453,3077.1636900676763
Brazil,2013,476.8973167971634,407.43440866470337,442.1658627309334,3302.9874478444513,2904.627716064453,3103.807581954452
Brazil,2014,478.6790746007234,407.43440866470337,443.0567416327134,3378.7243116905524,2904.627716064453,3141.6760138775026
Brazil,2015,479.505362344892,407.43440866470337,443.4698855047977,3433.883467414517,2904.627716064453,3169.2555917394848
Brazil,2016,479.3803037095039,407.43440866470337,443.40735618710363,3468.4872908135962,2904.627716064453,3186.557503439025
Brazil,2017,488.7001755792543,407.43440866470337,448.0672921219788,3489.489717174626,2904.627716064453,3197.0587166195396
Brazil,2018,490.4517131170739,407.43440866470337,448.94306089088866,3565.160265231647,2904.627716064453,3234.89399064805
Brazil,2019,491.26274205844254,407.43440866470337,449.34857536157295,3620.300703855232,2904.627716064453,3262.4642099598423
Brazil,2020,491.13602997831265,407.43440866470337,449.285219321508,3654.8992869158965,2904.627716064453,3279.763501490175
Brazil,2021,500.4551277973725,407.43440866470337,453.9447682310379,3675.9017133070047,2904.627716064453,3290.264714685729
Brazil,2022,502.2066653351783,407.43440866470337,454.8205369999408,3751.572261364062,2904.627716064453,3328.0999887142575
Brazil,2023,503.0176942765528,407.43440866470337,455.2260514706281,3806.712699987509,2904.627716064453,3355.670208025981
Brazil,2024,501.83084178667184,407.43440866470337,454.6326252256876,3855.39149350586,2904.627716064453,3380.0096047851566
Brazil,2025,499.8431241683868,407.43440866470337,453.6387664165451,3849.0120024965345,2904.627716064453,3376.819859280494
Brazil,2026,496.9352096667451,407.43440866470337,452.18480916572423,3822.266569580274,2904.627716064453,3363.4471428223633
Brazil,2027,493.1159960628864,407.43440866470337,450.27520236379485,3775.283884314812,2904.627716064453,3339.9558001896326
Brazil,2028,513.5857940047844,407.43440866470337,460.51010133474387,4041.8034896380423,2904.627716064453,3473.2156028512477
Brazil,2029,511.59807638645424,407.43440866470337,459.51624252557883,4035.423998628182,2904.627716064453,3470.0258573463175
Brazil,2030,508.69016188485637,407.43440866470337,458.06228527477987,4008.678565712249,2904.627716064453,3456.653140888351
Brazil,2031,504.87094828088647,407.43440866470337,456.15267847279495,3961.6958804451688,2904.627716064453,3433.161798254811
Brazil,2032,525.3407462228463,407.43440866470337,466.38757744377483,4228.215485769667,2904.627716064453,3566.42160091706
Brazil,2033,523.353028604615,407.43440866470337,465.3937186346592,4221.835994760995,2904.627716064453,3563.231855412724
Brazil,2034,520.4451141028751,407.43440866470337,463.93976138378923,4195.090561843352,2904.627716064453,3549.8591389539024
Brazil,2035,520.4451141028751,407.43440866470337,463.93976138378923,4195.090561843352,2904.627716064453,3549.8591389539024
Canada,1993,471.390516253668,550.8183116912842,511.1044139724761,3266.325068591097,3761.3997650146484,3513.8624168028728
Canada,1994,488.32123737045833,550.8183116912842,519.5697745308712,3337.1732854140214,3761.3997650146484,3549.2865252143347
Canada,1995,500.5571547447406,550.8183116912842,525.6877332180125,3390.0267295673907,3761.3997650146484,3575.71324729102
Canada,1996,508.0923713438616,550.8183116912842,529.4553415175728,3424.839166082496,3761.3997650146484,3593.1194655485724
Canada,1997,513.2104519071897,550.8183116912842,532.014381799237,3427.7384593085244,3761.3997650146484,3594.5691121615864
Canada,1998,530.1410886174708,550.8183116912842,540.4797001543775,3498.586675734448,3761.3997650146484,3629.9932203745484
Canada,1999,542.3763424995857,550.8183116912842,546.5973270954349,3551.424107763023,3761.3997650146484,3656.411936388836
Canada,2000,549.9108778515769,550.8183116912842,550.3645947714306,3586.2130161613004,3761.3997650146484,3673.8063905879744
Canada,2001,555.0172385527785,550.8183116912842,552.9177751220313,3589.0469118742562,3761.3997650146484,3675.2233384444526
Canada,2002,569.3421877556461,550.8183116912842,560.0802497234652,3659.7964652007718,3761.3997650146484,3710.5981151077103
Canada,2003,578.9698094028622,550.8183116912842,564.8940605470732,3712.54298277954,3761.3997650146484,3736.971373897094
Canada,2004,574.9076275634432,550.8183116912842,562.8629696273637,3737.9846294130466,3761.3997650146484,3749.6921972138475
Canada,2005,568.3905177272128,550.8183116912842,559.6044147092484,3724.829424771718,3761.3997650146484,3743.1145948931835
Canada,2006,573.7161296756556,550.8183116912842,562.2672206834699,3779.6550782520835,3761.3997650146484,3770.527421633366
Canada,2007,574.3310041675433,550.8183116912842,562.5746579294137,3816.4847148111867,3761.3997650146484,3788.9422399129176
Canada,2008,570.2433368005406,550.8183116912842,560.5308242459124,3835.2475758167507,3761.3997650146484,3798.3236704157
Canada,2009,563.706683174038,550.8183116912842,557.2624974326611,3822.0522516153605,3761.3997650146484,3791.7260083150045
Canada,2010,569.0145134848018,550.8183116912842,559.9164125880429,3876.849825173067,3761.3997650146484,3819.1247950938578
Canada,2011,569.6275387967308,550.8183116912842,560.2229252440075,3913.652625911305,3761.3997650146484,3837.526195462977
Canada,2012,565.5398631304539,550.8183116912842,558.179087410869,3932.4144188549176,3761.3997650146484,3846.9070919347832
Canada,2013,559.0031698655381,550.8183116912842,554.9107407784111,3919.20780152873,3761.3997650146484,3840.303783271689
Canada,2014,564.3098634400593,550.8183116912842,557.5640875656718,3973.954428452169,3761.3997650146484,3867.6770967334087
Canada,2015,564.9058319347308,550.8183116912842,557.8620718130076,4010.6055122452262,3761.3997650146484,3886.0026386299373
Canada,2016,560.7963715367578,550.8183116912842,555.807341614021,4005.0598601740176,3761.3997650146484,3883.229812594333
Canada,2017,554.2340020245318,550.8183116912842,552.5261568579081,3956.728453189325,3761.3997650146484,3859.064109101987
Canada,2018,559.5116360695839,550.8183116912842,555.164973880434,3976.451522869705,3761.3997650146484,3868.925643942177
Canada,2019,560.0944664321427,550.8183116912842,555.4563890617135,3978.1798195999945,3761.3997650146484,3869.7897923073215
Canada,2020,555.9765959377623,550.8183116912842,553.3974538145233,3961.8671090110556,3761.3997650146484,3861.633437012852
Canada,2021,549.4096631381134,550.8183116912842,550.1139874146988,3913.5011861253224,3761.3997650146484,3837.4504755699854
Canada,2022,554.6872971831629,550.8183116912842,552.7528044372235,3933.2242558056882,3761.3997650146484,3847.312010410168
Canada,2023,555.2701275456609,550.8183116912842,553.0442196184725,3934.952552535566,3761.3997650146484,3848.176158775107
Canada,2024,542.3358230139852,550.8183116912842,546.5770673526347,3884.270189343764,3761.3997650146484,3822.8349771792064
Canada,2025,528.8309952533352,550.8183116912842,539.8246534723097,3831.8580004913283,3761.3997650146484,3796.6288827529884
Canada,2026,510.65596069386777,550.8183116912842,530.7371361925759,3761.4480120086123,3761.3997650146484,3761.42388851163
Canada,2027,487.83689456897,550.8183116912842,519.327603130127,3673.115231366346,3761.3997650146484,3717.2574981904972
Canada,2028,537.5114841275154,550.8183116912842,544.1648979093998,3841.042922279531,3761.3997650146484,3801.2213436470897
Canada,2029,524.0066563667397,550.8183116912842,537.4124840290119,3788.6307334266494,3761.3997650146484,3775.015249220649
Canada,2030,505.831621807383,550.8183116912842,528.3249667493336,3718.2207449444736,3761.3997650146484,3739.8102549795613
Canada,2031,483.0125556821097,550.8183116912842,516.9154336866969,3629.8879643008445,3761.3997650146484,3695.6438646577462
Canada,2032,532.6871452409367,550.8183116912842,541.7527284661105,3797.8156552150444,3761.3997650146484,3779.6077101148467
Canada,2033,519.1823174803985,550.8183116912842,535.0003145858414,3745.4034663627804,3761.3997650146484,3753.4016156887146
Canada,2034,501.00728292062684,550.8183116912842,525.9127973059556,3674.9934778790416,3761.3997650146484,3718.196621446845
Canada,2035,501.00728292062684,550.8183116912842,525.9127973059556,3674.9934778790416,3761.3997650146484,3718.196621446845
China,1993,2223.917538070991,7365.391899108887,4794.654718589939,7824.022465766291,26306.054656982422,17065.038561374357
China,1994,2542.3469441889365,7365.391899108887,4953.869421648911,8640.799832548095,26306.054656982422,17473.42724476526
China,1995,2842.9013397931194,7365.391899108887,5104.146619451003,9473.499848507023,26306.054656982422,17889.777252744723
China,1996,3125.6103975891306,7365.391899108887,5245.501148349009,10322.078680277782,26306.054656982422,18314.0666686301
China,1997,3561.8001454161686,7365.391899108887,5463.596022262527,11271.417370810137,26306.054656982422,18788.73601389628
China,1998,3880.229551570288,7365.391899108887,5622.810725339587,12088.194739785757,26306.054656982422,19197.12469838409
China,1999,4180.783947231719,7365.391899108887,5773.087923170303,12921.482586439393,26306.054656982422,19613.768621710908
China,2000,4463.4930051518095,7365.391899108887,5914.442452130348,13771.10169031073,26306.054656982422,20038.578173646576
China,2001,4899.682753055908,7365.391899108887,6132.537326082397,14722.948761162777,26306.054656982422,20514.5017090726
China,2002,5218.115919995396,7365.391899108887,6291.7539095521415,16141.740034672093,26306.054656982422,21223.89734582726
China,2003,5518.674076417928,7365.391899108887,6442.032987763407,17576.647817688005,26306.054656982422,21941.351237335213
China,2004,5801.386895086645,7365.391899108887,6583.389397097766,19027.54839930699,26306.054656982422,22666.801528144708
China,2005,6237.580414098309,7365.391899108887,6801.486156603598,20580.859037802085,26306.054656982422,23443.456847392255
China,2006,6556.013581087779,7365.391899108887,6960.702740098333,21999.958155087024,26306.054656982422,24153.00640603472
China,2007,6856.571737530871,7365.391899108887,7110.981818319879,23434.979920489517,26306.054656982422,24870.51728873597
China,2008,7139.284556151246,7365.391899108887,7252.338227630066,24885.80255751059,26306.054656982422,25595.928607246504
China,2009,7575.4780750277805,7365.391899108887,7470.434987068334,26438.746869347528,26306.054656982422,26372.400763164973
China,2010,7893.881123353921,7365.391899108887,7629.636511231403,27856.96487253368,26306.054656982422,27081.50976475805
China,2011,8194.377097056262,7365.391899108887,7779.884498082574,29289.9635665026,26306.054656982422,27798.00911174251
China,2012,8476.982047921425,7365.391899108887,7921.186973515156,30735.72882341526,26306.054656982422,28520.89174019884
China,2013,8912.974870599315,7365.391899108887,8139.183384854101,32280.837081834048,26306.054656982422,29293.445869408235
China,2014,9231.189796229542,7365.391899108887,8298.290847669214,33690.66251517972,26306.054656982422,29998.35858608107
China,2015,9531.36657365636,7365.391899108887,8448.379236382623,35116.36469449613,26306.054656982422,30711.209675739276
China,2016,9813.693586476746,7365.391899108887,8589.542742792815,36557.945687016574,26306.054656982422,31432.000171999498
China,2017,10249.48739449584,7365.391899108887,8807.439646802362,38101.91120156524,26306.054656982422,32203.982929273832
China,2018,10567.516188358766,7365.391899108887,8966.454043733826,39511.69072764635,26306.054656982422,32908.872692314384
China,2019,10867.66997171349,7365.391899108887,9116.530935411189,40937.39290198549,26306.054656982422,33621.72377948396
China,2020,11149.978417285416,7365.391899108887,9257.685158197151,42378.97389253414,26306.054656982422,34342.51427475828
China,2021,11585.76645528662,7365.391899108887,9475.579177197753,43922.93940592612,26306.054656982422,35114.49703145427
China,2022,11903.795249149282,7365.391899108887,9634.593574129085,45332.71893200686,26306.054656982422,35819.38679449464
China,2023,12203.949032503966,7365.391899108887,9784.670465806426,46758.42110634544,26306.054656982422,36532.23788166393
China,2024,12750.780629297384,7365.391899108887,10058.086264203135,49657.38750505137,26306.054656982422,37981.72108101689
China,2025,12997.608815680785,7365.391899108887,10181.500357394836,51130.472543620344,26306.054656982422,38718.26360030138
China,2026,13226.86251767185,7365.391899108887,10296.127208390368,52619.12226739725,26306.054656982422,39462.58846218984
China,2027,13438.6921811813,7365.391899108887,10402.042040145094,54123.17185592853,26306.054656982422,40214.61325645547
China,2028,14087.059690088015,7365.391899108887,10726.225794598451,55478.415709412286,26306.054656982422,40892.23518319735
China,2029,14333.88787647061,7365.391899108887,10849.639887789748,56951.500747981445,26306.054656982422,41628.77770248194
China,2030,14563.141578462528,7365.391899108887,10964.266738785707,58440.15047175924,26306.054656982422,42373.10256437083
China,2031,14774.97124196995,7365.391899108887,11070.181570539418,59944.20006029143,26306.054656982422,43125.12735863692
China,2032,15423.338750877821,7365.391899108887,11394.365324993354,61299.443913773954,26306.054656982422,43802.74928537819
China,2033,15670.166937262053,7365.391899108887,11517.77941818547,62772.52895234162,26306.054656982422,44539.29180466202
China,2034,15899.42063925138,7365.391899108887,11632.406269180134,64261.178676119605,26306.054656982422,45283.61666655101
China,2035,15899.42063925138,7365.391899108887,11632.406269180134,64261.178676119605,26306.054656982422,45283.61666655101
France,1993,392.80191081104977,363.7344722747803,378.268191542915,2891.1671915979155,2887.5252075195312,2889.346199558723
France,1994,391.74495482215036,363.7344722747803,377.7397135484653,2907.5068507662736,2887.5252075195312,2897.5160291429024
France,1995,392.5643464854086,363.7344722747803,378.1494093800944,2937.6764741322518,2887.5252075195312,2912.6008408258913
France,1996,395.262127507767,363.7344722747803,379.49829989127363,2981.6605653488086,2887.5252075195312,2934.59288643417
France,1997,402.139087426029,363.7344722747803,382.9367798504046,2994.843666424293,2887.5252075195312,2941.184436971912
France,1998,401.0798702227133,363.7344722747803,382.40717124874675,3011.1796266310466,2887.5252075195312,2949.352417075289
France,1999,401.8911819252198,363.7344722747803,382.81282710000005,3041.345550994757,2887.5252075195312,2964.435379257144
France,2000,404.57943957841655,363.7344722747803,384.1569559265984,3085.271356929026,2887.5252075195312,2986.398282224279
France,2001,411.32936986200207,363.7344722747803,387.53192106839117,3098.3223113674467,2887.5252075195312,2992.923759443489
France,2002,410.1434268429776,363.7344722747803,386.9389495588789,3114.516247862927,2887.5252075195312,3001.020727691229
France,2003,407.9111567145653,363.7344722747803,385.8228144946728,3144.471201811338,2887.5252075195312,3015.9982046654345
France,2004,407.5492700066414,363.7344722747803,385.6418711407108,3180.161615381407,2887.5252075195312,3033.843411450469
France,2005,411.3457716524714,363.7344722747803,387.54012196362584,3155.944448370873,2887.5252075195312,3021.734827945202
France,2006,400.90270847557133,363.7344722747803,382.3185903751758,3109.626870142679,2887.5252075195312,2998.576038831105
France,2007,392.33169465507626,363.7344722747803,378.03308346492827,3077.1170603788196,2887.5252075195312,2982.3211339491754
France,2008,385.63616998368525,363.7344722747803,374.68532112923276,3058.356743725334,2887.5252075195312,2972.9409756224327
France,2009,383.0929518957171,363.7344722747803,373.4137120852487,3008.597821975437,2887.5252075195312,2948.061514747484
France,2010,372.64155606685347,363.7344722747803,368.18801417081687,2962.161000236405,2887.5252075195312,2924.843103877968
France,2011,364.0665078862538,363.7344722747803,363.90049008051705,2929.4664238180794,2887.5252075195312,2908.4958156688053
France,2012,357.3698490649438,363.7344722747803,360.552160669862,2909.866118565292,2887.5252075195312,2898.6956630424115
France,2013,354.826630975803,363.7344722747803,359.28055162529165,2859.253966454693,2887.5252075195312,2873.389586987112
France,2014,344.3752351477091,363.7344722747803,354.0548537112447,2811.9276360651743,2887.5252075195312,2849.726421792353
France,2015,335.8001869692412,363.7344722747803,349.7673296220107,2778.3779340744804,2887.5252075195312,2832.951570797006
France,2016,329.1035281517521,363.7344722747803,346.41900021326614,2758.5757444045294,2887.5252075195312,2823.0504759620303
France,2017,326.5603100651789,363.7344722747803,345.1473911699796,2707.736880854761,2887.5252075195312,2797.631044187146
France,2018,316.1089142403216,363.7344722747803,339.92169325755094,2660.1794197919457,2887.5252075195312,2773.8523136557387
France,2019,307.5338660655389,363.7344722747803,335.63416917015957,2626.4519229250186,2887.5252075195312,2756.9885652222747
France,2020,300.83720725049824,363.7344722747803,332.2858397626393,2606.5388939997474,2887.5252075195312,2747.0320507596393
France,2021,298.2939891653035,363.7344722747803,331.0142307200419,2555.6498144074176,2887.5252075195312,2721.5875109634744
France,2022,287.8425933404396,363.7344722747803,325.78853280760995,2508.0923533446194,2887.5252075195312,2697.8087804320753
France,2023,279.26754516567206,363.7344722747803,321.5010087202262,2474.3648564776363,2887.5252075195312,2680.9450319985835
France,2024,267.75123507961536,363.7344722747803,315.7428536771978,2448.31258299247,2887.5252075195312,2667.9188952560007
France,2025,264.80378874326806,363.7344722747803,314.2691305090242,2455.8813253190856,2887.5252075195312,2671.7032664193084
France,2026,263.72033250277997,363.7344722747803,313.7274023887801,2477.067259392058,2887.5252075195312,2682.2962334557947
France,2027,264.4892536719893,363.7344722747803,314.11186297338475,2511.7547512734423,2887.5252075195312,2699.6399793964865
France,2028,239.48491417976084,363.7344722747803,301.60969322727055,2296.2255165452398,2887.5252075195312,2591.8753620323855
France,2029,236.5374678434559,363.7344722747803,300.1359700591181,2303.7942588722917,2887.5252075195312,2595.6597331959115
France,2030,235.45401160295353,363.7344722747803,299.5942419388669,2324.9801929450964,2887.5252075195312,2606.252700232314
France,2031,236.22293277230204,363.7344722747803,299.9787025235412,2359.6676848277275,2887.5252075195312,2623.5964461736294
France,2032,211.21859327995236,363.7344722747803,287.4765327773663,2144.1384500985773,2887.5252075195312,2515.831828809054
France,2033,208.27114694354628,363.7344722747803,286.00280960916325,2151.707192424486,2887.5252075195312,2519.616199972009
France,2034,207.18769070317592,363.7344722747803,285.4610814889781,2172.893126498583,2887.5252075195312,2530.209167009057
France,2035,207.18769070317592,363.7344722747803,285.4610814889781,2172.893126498583,2887.5252075195312,2530.209167009057
Germany,1993,967.144180913379,824.9265937805176,896.0353873469483,4083.8244969725038,3833.996139526367,3958.9103182494355
Germany,1994,955.5156105505542,824.9265937805176,890.221102165536,4042.3356942040373,3833.996139526367,3938.1659168652022
Germany,1995,944.784089001099,824.9265937805176,884.8553413908082,4018.901845455583,3833.996139526367,3926.448992490975
Germany,1996,934.9625820059272,824.9265937805176,879.9445878932224,4013.562734692281,3833.996139526367,3923.779437109324
Germany,1997,935.8999705124791,824.9265937805176,880.4132821464983,4047.9708092905657,3833.996139526367,3940.9834744084665
Germany,1998,924.2714001473533,824.9265937805176,874.5989969639354,4006.482004551638,3833.996139526367,3920.2390720390026
Germany,1999,913.5398785510575,824.9265937805176,869.2332361657875,3983.029156097759,3833.996139526367,3908.512647812063
Germany,2000,903.7183714992169,824.9265937805176,864.3224826398673,3977.6429331307086,3833.996139526367,3905.8195363285377
Germany,2001,904.6557598979265,824.9265937805176,864.7911768392221,4011.9743136189827,3833.996139526367,3922.985226572675
Germany,2002,893.0271894150511,824.9265937805176,858.9768915977843,3970.3031182649024,3833.996139526367,3902.149628895635
Germany,2003,882.2956653565883,824.9265937805176,853.611129568553,3946.5885014430405,3833.996139526367,3890.292320484704
Germany,2004,872.472544307601,824.9265937805176,848.6995690440592,3940.862535341931,3833.996139526367,3887.429337434149
Germany,2005,873.4072839744456,824.9265937805176,849.1669388774816,3970.1348062107986,3833.996139526367,3902.065472868583
Germany,2006,861.7752973396359,824.9265937805176,843.3509455600768,3923.452380932753,3833.996139526367,3878.72426022956
Germany,2007,851.0401008328986,824.9265937805176,837.9833473067081,3894.7414571259155,3833.996139526367,3864.3687983261416
Germany,2008,841.2145386960675,824.9265937805176,833.0705662382925,3884.1184136273123,3833.996139526367,3859.0572765768397
Germany,2009,842.1478599510879,824.9265937805176,833.5372268658027,3913.2245500749596,3833.996139526367,3873.6103448006634
Germany,2010,830.5152333838439,824.9265937805176,827.7209135821807,3866.448295328561,3833.996139526367,3850.222217427464
Germany,2011,819.7796555530908,824.9265937805176,822.3531246668042,3837.7269946237334,3833.996139526367,3835.8615670750505
Germany,2012,809.9540922891264,824.9265937805176,817.440343034822,3827.100432278208,3833.996139526367,3830.5482859022877
Germany,2013,810.8864834584263,824.9265937805176,817.9065386194719,3856.2065654567696,3833.996139526367,3845.1013524915684
Germany,2014,799.2455200464431,824.9265937805176,812.0860569134803,3809.430305582685,3833.996139526367,3821.713222554526
Germany,2015,788.4863284233459,824.9265937805176,806.7064611019317,3780.7090013130337,3833.996139526367,3807.3525704197004
Germany,2016,778.6264834974345,824.9265937805176,801.776538638976,3770.082386457061,3833.996139526367,3802.039262991714
Germany,2017,765.0720837340243,824.9265937805176,794.999338757271,3799.1811296448022,3833.996139526367,3816.5886345855847
Germany,2018,738.9862093355614,824.9265937805176,781.9564015580395,3701.0832451696288,3833.996139526367,3767.539692347998
Germany,2019,713.7973837375412,824.9265937805176,769.3619887590294,3621.040317785752,3833.996139526367,3727.5182286560594
Germany,2020,689.5185727402664,824.9265937805176,757.222583260392,3559.0921277941998,3833.996139526367,3696.5441336602835
Germany,2021,675.959048170989,824.9265937805176,750.4428209757533,3536.736029244096,3833.996139526367,3685.3660843852313
Germany,2022,649.8731737725349,824.9265937805176,737.3998837765262,3438.638144768913,3833.996139526367,3636.31714214764
Germany,2023,624.6843481746143,824.9265937805176,724.805470977566,3358.5952173853625,3833.996139526367,3596.2956784558646
Germany,2024,577.0477618649185,824.9265937805176,700.987177822718,3252.8002605567626,3833.996139526367,3543.398200041565
Germany,2025,554.6200759633023,824.9265937805176,689.7733348719099,3227.0284897403017,3833.996139526367,3530.5123146333344
Germany,2026,533.1295467056809,824.9265937805176,679.0280702430993,3219.2722130824704,3833.996139526367,3526.634176304419
Germany,2027,512.5812392439022,824.9265937805176,668.7539165122099,3229.4389486379514,3833.996139526367,3531.7175440821593
Germany,2028,487.93472630191405,824.9265937805176,656.4306600412158,2990.355160156292,3833.996139526367,3412.1756498413297
Germany,2029,465.507040400306,824.9265937805176,645.2168170904117,2964.583389340259,3833.996139526367,3399.2897644333134
Germany,2030,444.01651114262773,824.9265937805176,634.4715524615726,2956.8271126821046,3833.996139526367,3395.411626104236
Germany,2031,423.4682036808913,824.9265937805176,624.1973987307044,2966.9938482389366,3833.996139526367,3400.494993882652
Germany,2032,398.8216907388605,824.9265937805176,611.874142259689,2727.910059756151,3833.996139526367,3280.953099641259
Germany,2033,376.3940048373322,824.9265937805176,600.6602993089249,2702.138288939356,3833.996139526367,3268.0672142328613
Germany,2034,354.90347557970864,824.9265937805176,589.9150346801131,2694.3820122825878,3833.996139526367,3264.1890759044772
Germany,2035,354.90347557970864,824.9265937805176,589.9150346801131,2694.3820122825878,3833.996139526367,3264.1890759044772
India,1993,650.1957785361641,1676.7535572052002,1163.4746678706822,2550.7326599716334,6121.331649780273,4336.032154875953
India,1994,714.1877678247914,1676.7535572052002,1195.4706625149959,2771.0281936165507,6121.331649780273,4446.179921698412
India,1995,757.153578703561,1676.7535572052002,1216.9535679543806,2936.3478193589954,6121.331649780273,4528.839734569634
India,1996,779.0886674813929,1676.7535572052002,1227.9211123432965,3046.6490568783047,6121.331649780273,4583.990353329289
India,1997,832.447281321124,1676.7535572052002,1254.6004192631622,3162.6794220519632,6121.331649780273,4642.005535916118
India,1998,896.439270619153,1676.7535572052002,1286.5964139121766,3382.974955805673,6121.331649780273,4752.153302792973
India,1999,939.4050815116283,1676.7535572052002,1308.0793193584143,3548.2945817170953,6121.331649780273,4834.813115748684
India,2000,961.3401703109284,1676.7535572052002,1319.0468637580643,3658.595819635252,6121.331649780273,4889.963734707762
India,2001,1014.698784202521,1676.7535572052002,1345.7261707038606,3774.626185324096,6121.331649780273,4947.978917552185
India,2002,1078.699119067791,1676.7535572052002,1377.7263381364955,3994.9494972922494,6121.331649780273,5058.140573536261
India,2003,1121.6913138786256,1676.7535572052002,1399.222435541913,4160.492996598989,6121.331649780273,5140.912323189631
India,2004,1143.6900862111654,1676.7535572052002,1410.2218217081827,4385.357693571071,6121.331649780273,5253.344671675672
India,2005,1217.7351995949791,1676.7535572052002,1447.2443784000898,4616.608736778851,6121.331649780273,5368.970193279562
India,2006,1332.2886221984293,1676.7535572052002,1504.5210897018146,4952.168640093761,6121.331649780273,5536.7501449370175
India,2007,1425.827737273865,1676.7535572052002,1551.2906472395325,5292.554456674078,6121.331649780273,5706.943053227176
India,2008,1498.3889375526562,1676.7535572052002,1587.571247378928,5578.040793929438,6121.331649780273,5849.686221854856
India,2009,1602.5170356667236,1676.7535572052002,1639.635296435962,5869.784499238514,6121.331649780273,5995.558074509394
India,2010,1717.1405191640874,1676.7535572052002,1696.9470381846438,6265.356752206357,6121.331649780273,6193.344200993315
India,2011,1810.7378242609038,1676.7535572052002,1743.745690733052,6605.9713574470225,6121.331649780273,6363.651503613648
India,2012,1883.3044072669136,1676.7535572052002,1780.028982236057,6891.568179470265,6121.331649780273,6506.449914625269
India,2013,1987.4332317540254,1676.7535572052002,1832.093394479613,7183.461808115011,6121.331649780273,6652.396728947642
India,2014,2102.056715279151,1676.7535572052002,1889.4051362421756,7579.157631975693,6121.331649780273,6850.244640877983
India,2015,2195.6540203958743,1676.7535572052002,1936.2037888005373,7919.899783052537,6121.331649780273,7020.615716416405
India,2016,2268.220603392455,1676.7535572052002,1972.4870802988275,8205.637940391622,6121.331649780273,7163.484795085948
India,2017,2372.349427852418,1676.7535572052002,2024.5514925288091,8497.644890914737,6121.331649780273,7309.488270347505
India,2018,2486.9729113501494,1676.7535572052002,2081.8632342776746,8893.483984025872,6121.331649780273,7507.407816903073
India,2019,2580.5702164352674,1676.7535572052002,2128.661886820234,9234.347169016988,6121.331649780273,7677.839409398631
India,2020,2653.136799415081,1676.7535572052002,2164.9451783101404,9520.191965817952,6121.331649780273,7820.761807799113
India,2021,2757.265623871489,1676.7535572052002,2217.0095905383446,9812.246831381035,6121.331649780273,7966.789240580654
India,2022,2871.8891073691625,1676.7535572052002,2274.3213322871816,10208.085924492123,6121.331649780273,8164.708787136198
India,2023,2965.4864124541327,1676.7535572052002,2321.1199848296665,10548.949109482714,6121.331649780273,8335.140379631493
India,2024,3089.620800832519,1676.7535572052002,2383.1871790188598,11065.6729668494,6121.331649780273,8593.502308314837
India,2025,3120.2582127174646,1676.7535572052002,2398.5058849613324,11241.733998455715,6121.331649780273,8681.532824117994
India,2026,3130.069944857804,1676.7535572052002,2403.411751031502,11363.219527608886,6121.331649780273,8742.27558869458
India,2027,3119.1968698840374,1676.7535572052002,2397.975213544619,11430.466504932057,6121.331649780273,8775.899077356165
India,2028,3474.5369968513824,1676.7535572052002,2575.6452770282913,12380.274907315137,6121.331649780273,9250.803278547704
India,2029,3505.1744087356856,1676.7535572052002,2590.963982970443,12556.335938919929,6121.331649780273,9338.833794350101
India,2030,3514.986140876528,1676.7535572052002,2595.869849040864,12677.821468074279,6121.331649780273,9399.576558927276
India,2031,3504.113065900931,1676.7535572052002,2590.4333115530653,12745.068445392924,6121.331649780273,9433.200047586599
India,2032,3859.4531928696006,1676.7535572052002,2768.1033750374004,13694.876847779393,6121.331649780273,9908.104248779833
India,2033,3890.090604755262,1676.7535572052002,2783.422080980231,13870.93787938732,6121.331649780273,9996.134764583796
India,2034,3899.9023368940434,1676.7535572052002,2788.327947049622,13992.423408536728,6121.331649780273,10056.8775291585
India,2035,3899.9023368940434,1676.7535572052002,2788.327947049622,13992.423408536728,6121.331649780273,10056.8775291585
Indonesia,1993,193.20509382494942,434.9149670600891,314.0600304425193,724.4123685345232,1647.3876876831055,1185.9000281088142
Indonesia,1994,217.77175240330223,434.9149670600891,326.34335973169567,823.2318763228034,1647.3876876831055,1235.3097820029543
Indonesia,1995,233.39112240560996,434.9149670600891,334.15304473284954,894.835775551659,1647.3876876831055,1271.1117316173822
Indonesia,1996,240.055574760477,434.9149670600891,337.485270910283,939.2026549139016,1647.3876876831055,1293.2951712985036
Indonesia,1997,245.62556659651915,434.9149670600891,340.2702668283041,944.6408125961036,1647.3876876831055,1296.0142501396044
Indonesia,1998,270.1922251270605,434.9149670600891,352.5535960935748,1043.4603195575057,1647.3876876831055,1345.4240036203055
Indonesia,1999,285.81159515169577,434.9149670600891,360.36328110589244,1115.0642181815122,1647.3876876831055,1381.2259529323087
Indonesia,2000,292.476047347488,434.9149670600891,363.69550720378857,1159.4310970458573,1647.3876876831055,1403.4093923644814
Indonesia,2001,298.0460391010518,434.9149670600891,366.48050308057043,1164.8692544182113,1647.3876876831055,1406.1284710506584
Indonesia,2002,322.61269776755626,434.9149670600891,378.7638324138227,1263.6887615024336,1647.3876876831055,1455.5382245927694
Indonesia,2003,338.2393850959531,434.9149670600891,386.5771760780211,1335.2926600207825,1647.3876876831055,1491.340173851944
Indonesia,2004,344.9166521623671,434.9149670600891,389.9158096112281,1379.6595388123555,1647.3876876831055,1513.5236132477305
Indonesia,2005,350.5038017658185,434.9149670600891,392.7093844129538,1385.0976962230088,1647.3876876831055,1516.2426919530571
Indonesia,2006,375.09066204346766,434.9149670600891,405.0028145517784,1483.9172035323022,1647.3876876831055,1565.6524456077038
Indonesia,2007,390.74334837906804,434.9149670600891,412.8291577195786,1555.5211025674366,1647.3876876831055,1601.454395125271
Indonesia,2008,398.05649784834645,434.9149670600891,416.4857324542178,1599.8879816606611,1647.3876876831055,1623.6378346718834
Indonesia,2009,410.65115002894186,434.9149670600891,422.7830585445155,1605.326139676715,1647.3876876831055,1626.3569136799101
Indonesia,2010,442.23965942938787,434.9149670600891,438.5773132447385,1704.1456478305536,1647.3876876831055,1675.7666677568295
Indonesia,2011,464.89866592002807,434.9149670600891,449.9068164900586,1775.749561173593,1647.3876876831055,1711.5686244283493
Indonesia,2012,478.6033156306703,434.9149670600891,456.7591413453797,1820.144540880024,1647.3876876831055,1733.7661142815646
Indonesia,2013,491.233450731986,434.9149670600891,463.0742088960376,1825.6109013056143,1647.3876876831055,1736.49929449436
Indonesia,2014,522.8420269107976,434.9149670600891,478.87849698544335,1924.49074111784,1647.3876876831055,1785.9392144004728
Indonesia,2015,545.5066202166274,434.9149670600891,490.21079363835827,1996.1774830563313,1647.3876876831055,1821.7825853697184
Indonesia,2016,559.2185603387645,434.9149670600891,497.0667636994268,2040.7350232356155,1647.3876876831055,1844.0613554593606
Indonesia,2017,571.8568290710201,434.9149670600891,503.3858980655546,2073.74313571486,1647.3876876831055,1860.5654116989826
Indonesia,2018,603.479088114574,434.9149670600891,519.1970275873316,2200.1389510417666,1647.3876876831055,1923.763319362436
Indonesia,2019,626.1540586627464,434.9149670600891,530.5345128614177,2299.319158079149,1647.3876876831055,1973.3534228811272
Indonesia,2020,639.8741114461019,434.9149670600891,537.3945392530954,2371.262345233077,1647.3876876831055,2009.3250164580913
Indonesia,2021,652.5190341939906,434.9149670600891,543.7170006270399,2404.3523625234934,1647.3876876831055,2025.8700251032994
Indonesia,2022,684.1412932375395,434.9149670600891,559.5281301488143,2530.7481778504766,1647.3876876831055,2089.0679327667913
Indonesia,2023,706.8162637856232,434.9149670600891,570.8656154228561,2629.928384887674,1647.3876876831055,2138.6580362853897
Indonesia,2024,725.3093875584902,434.9149670600891,580.1121773092897,2746.603608860819,1647.3876876831055,2196.995648271962
Indonesia,2025,721.1589664173491,434.9149670600891,578.0369667387191,2764.19759854196,1647.3876876831055,2205.7926431125325
Indonesia,2026,708.1240588277789,434.9149670600891,571.5195129439339,2754.7737511382115,1647.3876876831055,2201.0807194106583
Indonesia,2027,686.259122751027,434.9149670600891,560.5870449055581,2718.499177683091,1647.3876876831055,2182.9434326830983
Indonesia,2028,805.9715926813678,434.9149670600891,620.4432798707285,3077.2128356691846,1647.3876876831055,2362.300261676145
Indonesia,2029,801.8211715399792,434.9149670600891,618.3680693000342,3094.8068253496604,1647.3876876831055,2371.097256516383
Indonesia,2030,788.7862639505963,434.9149670600891,611.8506155053427,3085.382977946262,1647.3876876831055,2366.385332814684
Indonesia,2031,766.9213278731146,434.9149670600891,600.9181474666018,3049.1084044890604,1647.3876876831055,2348.248046086083
Indonesia,2032,886.6337978040074,434.9149670600891,660.7743824320482,3407.822062476842,1647.3876876831055,2527.6048750799737
Indonesia,2033,882.4833766631237,434.9149670600891,658.6991718616064,3425.416052158833,1647.3876876831055,2536.401869920969
Indonesia,2034,869.4484690729494,434.9149670600891,652.1817180665192,3415.992204753323,1647.3876876831055,2531.6899462182146
Indonesia,2035,869.4484690729494,434.9149670600891,652.1817180665192,3415.992204753323,1647.3876876831055,2531.6899462182146
Iran,1993,228.35526709812856,528.9118447303772,378.6335559142529,864.2914507241057,2266.8289318084717,1565.5601912662887
Iran,1994,251.31234343247334,528.9118447303772,390.11209408142525,960.3763262142936,2266.8289318084717,1613.6026290113828
Iran,1995,269.97071116686186,528.9118447303772,399.44127794861953,1046.0244695851004,2266.8289318084717,1656.4267006967862
Iran,1996,284.32858129297256,528.9118447303772,406.6202130116749,1121.2446792549963,2266.8289318084717,1694.036805531734
Iran,1997,305.6455178829305,528.9118447303772,417.2786813066539,1197.9278397114867,2266.8289318084717,1732.3783857599792
Iran,1998,328.60316891943046,528.9118447303772,428.7575068249038,1294.0130562996344,2266.8289318084717,1780.4209940540532
Iran,1999,347.2621113476301,528.9118447303772,438.0869780390036,1379.6987487506967,2266.8289318084717,1823.2638402795842
Iran,2000,361.6205560793507,528.9118447303772,445.266200404864,1454.9896595796768,2266.8289318084717,1860.9092956940742
Iran,2001,382.9374974879847,528.9118447303772,455.92467110918096,1531.923292213753,2266.8289318084717,1899.3761120111124
Iran,2002,405.89514856409215,528.9118447303772,467.40349664723465,1645.4322892087594,2266.8289318084717,1956.1306105086155
Iran,2003,424.5540909554454,528.9118447303772,476.7329678429113,1748.5321962032142,2266.8289318084717,2007.6805640058428
Iran,2004,438.91253561528305,528.9118447303772,483.91219017283015,1841.2041696249144,2266.8289318084717,2054.016550716693
Iran,2005,460.22944577000567,528.9118447303772,494.57064525019143,1935.3869069090777,2266.8289318084717,2101.107919358775
Iran,2006,483.18313597090093,528.9118447303772,506.04749035063907,2048.923545678642,2266.8289318084717,2157.8762387435568
Iran,2007,501.83267761124546,528.9118447303772,515.3722611708113,2152.0200780795158,2266.8289318084717,2209.4245049439937
Iran,2008,516.176887188906,528.9118447303772,522.5443659596416,2244.594978350705,2266.8289318084717,2255.7119550795883
Iran,2009,537.4788528784037,528.9118447303772,533.1953488043905,2338.6183186282246,2266.8289318084717,2302.7236252183484
Iran,2010,560.4146444073981,528.9118447303772,544.6632445688876,2438.9482155915657,2266.8289318084717,2352.8885737000187
Iran,2011,579.051727203125,528.9118447303772,553.9817859667511,2528.823319154357,2266.8289318084717,2397.8261254814142
Iran,2012,593.3883124080392,528.9118447303772,561.1500785692082,2608.269476082078,2266.8289318084717,2437.5492039452747
Iran,2013,614.6833343324774,528.9118447303772,571.7975895314273,2689.1901618119837,2266.8289318084717,2478.0095468102277
Iran,2014,637.619125819622,528.9118447303772,583.2654852749996,2789.5009846730554,2266.8289318084717,2528.1649582407636
Iran,2015,656.256208644763,528.9118447303772,592.58402668757,2879.375075383955,2266.8289318084717,2573.1020035962133
Iran,2016,670.5927938581042,528.9118447303772,599.7523192942407,2958.821232224942,2266.8289318084717,2612.825082016707
Iran,2017,691.8914248638528,528.9118447303772,610.401634797115,3039.7419177946817,2266.8289318084717,2653.2854248015765
Iran,2018,714.8308156562181,528.9118447303772,621.8713301932976,3140.0527405499324,2266.8289318084717,2703.440836179202
Iran,2019,733.4714977617666,528.9118447303772,631.1916712460719,3229.926831254348,2266.8289318084717,2748.37788153141
Iran,2020,747.8116822421108,528.9118447303772,638.361763486244,3309.372988106109,2266.8289318084717,2788.1009599572903
Iran,2021,769.1103133761223,528.9118447303772,649.0110790532498,3390.293673776121,2266.8289318084717,2828.5613027922964
Iran,2022,792.0497041684721,528.9118447303772,660.4807744494246,3490.6044965314095,2266.8289318084717,2878.7167141699406
Iran,2023,810.6903862739814,528.9118447303772,669.8011155021793,3580.478587235876,2266.8289318084717,2923.653759522174
Iran,2024,835.0758953188501,528.9118447303772,681.9938700246137,3728.969652021976,2266.8289318084717,2997.899291915224
Iran,2025,840.8394164861575,528.9118447303772,684.8756306082673,3787.6578309928345,2266.8289318084717,3027.243381400653
Iran,2026,842.3415893106544,528.9118447303772,685.6267170205158,3836.0515544359687,2266.8289318084717,3051.44024312222
Iran,2027,839.6102347046285,528.9118447303772,684.2610397175029,3874.2307380581456,2266.8289318084717,3070.529834933309
Iran,2028,912.2947838310756,528.9118447303772,720.6033142807264,4079.521408003343,2266.8289318084717,3173.1751699059073
Iran,2029,918.0583049982507,528.9118447303772,723.4850748643139,4138.20958697392,2266.8289318084717,3202.5192593911956
Iran,2030,919.5604778228637,528.9118447303772,724.2361612766205,4186.603310417127,2266.8289318084717,3226.7161211127996
Iran,2031,916.8291232164589,528.9118447303772,722.870483973418,4224.782494038456,2266.8289318084717,3245.805712923464
Iran,2032,989.5136723431729,528.9118447303772,759.212758536775,4430.073163984328,2266.8289318084717,3348.4510478964
Iran,2033,995.2771935106163,528.9118447303772,762.0945191204967,4488.761342955677,2266.8289318084717,3377.7951373820742
Iran,2034,996.7793663347989,528.9118447303772,762.845605532588,4537.155066398039,2266.8289318084717,3401.9919991032552
Iran,2035,996.7793663347989,528.9118447303772,762.845605532588,4537.155066398039,2266.8289318084717,3401.9919991032552
Japan,1993,1218.59108650318,1204.311679840088,1211.451383171634,5742.477559989526,5706.120147705078,5724.298853847302
Japan,1994,1227.862731617078,1204.311679840088,1216.0872057285828,5839.225198701688,5706.120147705078,5772.672673203383
Japan,1995,1235.3518533051224,1204.311679840088,1219.8317665726051,5902.794289048251,5706.120147705078,5804.457218376665
Japan,1996,1241.0501671684542,1204.311679840088,1222.680923504271,5933.1952867651435,5706.120147705078,5819.657717235111
Japan,1997,1231.9333917114031,1204.311679840088,1218.1225357757455,5969.593348499113,5706.120147705078,5837.8567481020955
Japan,1998,1241.2050367835661,1204.311679840088,1222.7583583118271,6066.285910360225,5706.120147705078,5886.203029032651
Japan,1999,1248.6941584050933,1204.311679840088,1226.5029191225906,6129.770010037123,5706.120147705078,5917.9450788711
Japan,2000,1254.3924721611425,1204.311679840088,1229.3520760006152,6160.034717714572,5706.120147705078,5933.077432709825
Japan,2001,1245.2750337978007,1204.311679840088,1224.7933568189442,6157.25823439201,5706.120147705078,5931.689191048545
Japan,2002,1254.5431023157944,1204.311679840088,1229.4273910779411,6214.930317464252,5706.120147705078,5960.525232584665
Japan,2003,1262.0170307272078,1204.311679840088,1233.1643552836479,6239.3899532984115,5706.120147705078,5972.755050501744
Japan,2004,1267.6898019167852,1204.311679840088,1236.0007408784365,6230.56250123713,5706.120147705078,5968.341324471105
Japan,2005,1255.4835426567429,1204.311679840088,1229.8976112484154,6227.46995409018,5706.120147705078,5966.795050897629
Japan,2006,1261.6658072995042,1204.311679840088,1232.988743569796,6188.554122987651,5706.120147705078,5947.337135346364
Japan,2007,1266.063527715224,1204.311679840088,1235.187603777656,6116.076114067384,5706.120147705078,5911.098130886231
Japan,2008,1268.6612851350822,1204.311679840088,1236.486482487585,6010.387089735842,5706.120147705078,5858.2536187204605
Japan,2009,1256.435458550156,1204.311679840088,1230.373569195122,5910.3223577520475,5706.120147705078,5808.221252728563
Japan,2010,1262.6065471711222,1204.311679840088,1233.459113505605,5870.979974155668,5706.120147705078,5788.550060930373
Japan,2011,1266.9951123487658,1204.311679840088,1235.6533960944269,5798.459042191208,5706.120147705078,5752.289594948143
Japan,2012,1269.5927420727091,1204.311679840088,1236.9522109563986,5692.770017743869,5706.120147705078,5699.445082724474
Japan,2013,1257.3611072035853,1204.311679840088,1230.8363935218367,5592.705285747441,5706.120147705078,5649.4127167262595
Japan,2014,1238.0112965121184,1204.311679840088,1221.1614881761031,5553.36311737282,5706.120147705078,5629.7416325389495
Japan,2015,1216.8494528651313,1204.311679840088,1210.5805663526096,5480.844184783003,5706.120147705078,5593.482166244041
Japan,2016,1193.8945997861074,1204.311679840088,1199.1031398130976,5375.166172112165,5706.120147705078,5540.643159908622
Japan,2017,1156.0431559018225,1204.311679840088,1180.1774178709552,5275.113026985462,5706.120147705078,5490.61658734527
Japan,2018,1136.6492339897418,1204.311679840088,1170.4804569149148,5235.782198698393,5706.120147705078,5470.951173201735
Japan,2019,1115.4727886639118,1204.311679840088,1159.892234252,5163.272822012475,5706.120147705078,5434.696484858777
Japan,2020,1092.5055355231298,1204.311679840088,1148.4086076816088,5057.595352853421,5706.120147705078,5381.85775027925
Japan,2021,1054.6446572414134,1204.311679840088,1129.4781685407506,4957.542207818612,5706.120147705078,5331.8311777618455
Japan,2022,1035.2507353293508,1204.311679840088,1119.7812075847194,4918.2113795316145,5706.120147705078,5312.165763618346
Japan,2023,1014.0742900034656,1204.311679840088,1109.1929849217768,4845.7020028457,5706.120147705078,5275.9110752753895
Japan,2024,966.3433679196773,1204.311679840088,1085.3275238798826,4601.245223451922,5706.120147705078,5153.6826855785
Japan,2025,939.7803618430571,1204.311679840088,1072.0460208415725,4429.48599648171,5706.120147705078,5067.803072093394
Japan,2026,911.4177899256197,1204.311679840088,1057.8647348828538,4224.924235052434,5706.120147705078,4965.522191378755
Japan,2027,881.2581177670615,1204.311679840088,1042.7848988035748,3987.7924722620332,5706.120147705078,4846.956309983556
Japan,2028,864.9448692592449,1204.311679840088,1034.6282745496665,4283.67440428481,5706.120147705078,4994.897275994945
Japan,2029,838.3818631826039,1204.311679840088,1021.3467715113459,4111.915177313693,5706.120147705078,4909.017662509385
Japan,2030,810.0192912652029,1204.311679840088,1007.1654855526454,3907.353415884878,5706.120147705078,4806.736781794978
Japan,2031,779.859619106556,1204.311679840088,992.085649473322,3670.2216530917717,5706.120147705078,4688.170900398425
Japan,2032,763.5463705988212,1204.311679840088,983.9290252194546,3966.103585116616,5706.120147705078,4836.111866410847
Japan,2033,736.983364522179,1204.311679840088,970.6475221811335,3794.344358147729,5706.120147705078,4750.232252926404
Japan,2034,708.6207926046864,1204.311679840088,956.4662362223871,3589.782596716077,5706.120147705078,4647.951372210578
Japan,2035,708.6207926046864,1204.311679840088,956.4662362223871,3589.782596716077,5706.120147705078,4647.951372210578
Russia,1993,1627.2878125943203,1630.8798446655273,1629.0838286299238,7785.432592305656,7894.983444213867,7840.208018259762
Russia,1994,1619.1273467329752,1630.8798446655273,1625.0035956992513,7740.60569629742,7894.983444213867,7817.7945702556435
Russia,1995,1605.5544299798964,1630.8798446655273,1618.217137322712,7681.510726287801,7894.983444213867,7788.247085250834
Russia,1996,1586.5687857229284,1630.8798446655273,1608.724315194228,7608.157428204451,7894.983444213867,7751.570436209159
Russia,1997,1578.1015590515317,1630.8798446655273,1604.4907018585295,7568.003283224832,7894.983444213867,7731.49336371935
Russia,1998,1569.9607673338921,1630.8798446655273,1600.4203059997099,7523.193551059162,7894.983444213867,7709.088497636514
Russia,1999,1556.4091044086103,1630.8798446655273,1593.6444745370688,7464.187339934798,7894.983444213867,7679.585392074332
Russia,2000,1537.474192438923,1630.8798446655273,1584.177018552225,7391.134090007613,7894.983444213867,7643.0587671107405
Russia,2001,1529.1016948784008,1630.8798446655273,1579.990769771964,7351.537168804714,7894.983444213867,7623.260306509291
Russia,2002,1543.1799028401979,1630.8798446655273,1587.0298737528626,7416.707581293858,7894.983444213867,7655.845512753863
Russia,2003,1551.9482920969433,1630.8798446655273,1591.4140683812352,7467.728610681971,7894.983444213867,7681.356027447919
Russia,2004,1555.3505247605046,1630.8798446655273,1593.1151847130159,7504.568545095527,7894.983444213867,7699.775994654698
Russia,2005,1569.340209464734,1630.8798446655273,1600.1100270651307,7574.945512335505,7894.983444213867,7734.9644782746855
Russia,2006,1583.59353687264,1630.8798446655273,1607.2366907690837,7640.397349082244,7894.983444213867,7767.690396648055
Russia,2007,1592.4402174929198,1630.8798446655273,1611.6600310792237,7691.581130357306,7894.983444213867,7793.282287285587
Russia,2008,1595.8742857708464,1630.8798446655273,1613.377065218187,7728.50714967281,7894.983444213867,7811.745296943338
Russia,2009,1609.8807795420767,1630.8798446655273,1620.380312103802,7798.93441186261,7894.983444213867,7846.958928038239
Russia,2010,1624.1400270800054,1630.8798446655273,1627.5099358727664,7864.386909236091,7894.983444213867,7879.685176724979
Russia,2011,1632.9868237098312,1630.8798446655273,1631.9333341876793,7915.571335998571,7894.983444213867,7905.277390106219
Russia,2012,1636.420892527002,1630.8798446655273,1633.6503685962648,7952.497410953091,7894.983444213867,7923.74042758348
Russia,2013,1650.4273868185219,1630.8798446655273,1640.6536157420246,8022.924728560871,7894.983444213867,7958.954086387369
Russia,2014,1664.6866350248836,1630.8798446655273,1647.7832398452056,8088.377273675871,7894.983444213867,7991.680358944869
Russia,2015,1673.5334327193214,1630.8798446655273,1652.2066386924243,8139.561740812369,7894.983444213867,8017.272592513118
Russia,2016,1676.9675031149557,1630.8798446655273,1653.9236738902414,8176.487861458768,7894.983444213867,8035.735652836318
Russia,2017,1690.973998910023,1630.8798446655273,1660.9269217877752,8246.915214050785,7894.983444213867,8070.949329132326
Russia,2018,1705.2332481661176,1630.8798446655273,1668.0565464158226,8312.367797723631,7894.983444213867,8103.675620968749
Russia,2019,1714.0800464869562,1630.8798446655273,1672.4799455762418,8363.552293504039,7894.983444213867,8129.267868858953
Russia,2020,1717.514117045275,1630.8798446655273,1674.1969808554013,8400.478443102693,7894.983444213867,8147.73094365828
Russia,2021,1731.5206128205946,1630.8798446655273,1681.200228743061,8470.905813801548,7894.983444213867,8182.944629007708
Russia,2022,1745.7798620766719,1630.8798446655273,1688.3298533710995,8536.358397474372,7894.983444213867,8215.67092084412
Russia,2023,1754.626660397475,1630.8798446655273,1692.7532525315012,8587.542893254766,7894.983444213867,8241.263168734316
Russia,2024,1756.0906512475685,1630.8798446655273,1693.485247956548,8647.168623741483,7894.983444213867,8271.076033977675
Russia,2025,1748.7338403662636,1630.8798446655273,1689.8068425158954,8655.695396492203,7894.983444213867,8275.339420353035
Russia,2026,1736.0165317305475,1630.8798446655273,1683.4481881980373,8650.125016711301,7894.983444213867,8272.554230462585
Russia,2027,1717.9737313070898,1630.8798446655273,1674.4267879863087,8630.554911698515,7894.983444213867,8262.76917795619
Russia,2028,1796.637265158092,1630.8798446655273,1713.7585549118098,8871.15922349215,7894.983444213867,8383.071333853008
Russia,2029,1789.2804542766162,1630.8798446655273,1710.0801494710718,8879.685996242411,7894.983444213867,8387.33472022814
Russia,2030,1776.5631456410586,1630.8798446655273,1703.7214951532928,8874.115616461917,7894.983444213867,8384.549530337892
Russia,2031,1758.5203452171231,1630.8798446655273,1694.7000949413252,8854.545511447865,7894.983444213867,8374.764477830866
Russia,2032,1837.1838790684485,1630.8798446655273,1734.031861866988,9095.14982324233,7894.983444213867,8495.066633728098
Russia,2033,1829.8270681873187,1630.8798446655273,1730.353456426423,9103.676595993582,7894.983444213867,8499.330020103724
Russia,2034,1817.1097595512006,1630.8798446655273,1723.994802108364,9098.106216211589,7894.983444213867,8496.544830212728
Russia,2035,1817.1097595512006,1630.8798446655273,1723.994802108364,9098.106216211589,7894.983444213867,8496.544830212728
Saudi Arabia,1993,214.08364949513714,480.25499963760376,347.16932456637045,908.8098649017236,2189.4725914001465,1549.1412281509351
Saudi Arabia,1994,227.39639108881443,480.25499963760376,353.8256953632091,989.4003950044112,2189.4725914001465,1589.4364932022788
Saudi Arabia,1995,242.82842078395356,480.25499963760376,361.54171021077866,1063.4399978701763,2189.4725914001465,1626.4562946351614
Saudi Arabia,1996,260.3832120702986,480.25499963760376,370.3191058539512,1130.9436589485247,2189.4725914001465,1660.2081251743357
Saudi Arabia,1997,283.8191848704488,480.25499963760376,382.0370922540263,1242.2512990141963,2189.4725914001465,1715.8619452071714
Saudi Arabia,1998,297.1319264819238,480.25499963760376,388.69346305976376,1322.841829138346,2189.4725914001465,1756.1572102692462
Saudi Arabia,1999,312.5648809098913,480.25499963760376,396.40994027374757,1396.8814320089937,2189.4725914001465,1793.17701170457
Saudi Arabia,2000,330.12110579192426,480.25499963760376,405.188052714764,1464.3850930897197,2189.4725914001465,1826.928842244933
Saudi Arabia,2001,353.55856548147995,480.25499963760376,416.90678255954185,1575.692733158345,2189.4725914001465,1882.5826622792456
Saudi Arabia,2002,366.87337165056744,480.25499963760376,423.56418564408557,1656.2832632954583,2189.4725914001465,1922.8779273478024
Saudi Arabia,2003,382.30954570526325,480.25499963760376,431.2822726714335,1730.3228661885444,2189.4725914001465,1959.8977287943453
Saudi Arabia,2004,399.8684813697222,480.25499963760376,440.061740503663,1797.8265272982221,2189.4725914001465,1993.6495593491843
Saudi Arabia,2005,423.3086099194016,480.25499963760376,451.78180477850265,1909.1341673742345,2189.4725914001465,2049.3033793871905
Saudi Arabia,2006,436.6254959079734,480.25499963760376,458.44024777278855,1989.7246974886993,2189.4725914001465,2089.598644444423
Saudi Arabia,2007,452.0616699985276,480.25499963760376,466.15833481806567,2063.764300337919,2189.4725914001465,2126.6184458690327
Saudi Arabia,2008,469.6206056718869,480.25499963760376,474.9378026547453,2131.2679614199283,2189.4725914001465,2160.370276410037
Saudi Arabia,2009,493.0607342187862,480.25499963760376,486.65786692819495,2242.575601479193,2189.4725914001465,2216.02409643967
Saudi Arabia,2010,506.3776202127541,480.25499963760376,493.3163099251789,2323.163448926086,2189.4725914001465,2256.318020163116
Saudi Arabia,2011,521.8137942926455,480.25499963760376,501.03439696512464,2397.1919446272614,2189.4725914001465,2293.332268013704
Saudi Arabia,2012,539.3727299676286,480.25499963760376,509.8138648026162,2464.6695131300335,2189.4725914001465,2327.0710522650897
Saudi Arabia,2013,562.8128585064272,480.25499963760376,521.5339290720156,2575.901221286278,2189.4725914001465,2382.6869063432123
Saudi Arabia,2014,576.1297444809047,480.25499963760376,528.1923720592542,2656.3338894715366,2189.4725914001465,2422.9032404358413
Saudi Arabia,2015,591.5659185373105,480.25499963760376,535.9104590874572,2730.11543388666,2189.4725914001465,2459.794012643403
Saudi Arabia,2016,609.1248541711011,480.25499963760376,544.6899269043524,2797.2688023243713,2189.4725914001465,2493.370696862259
Saudi Arabia,2017,632.5649826742548,480.25499963760376,556.4099911559292,2908.17180739602,2189.4725914001465,2548.8221993980833
Saudi Arabia,2018,645.8818686108589,480.25499963760376,563.0684341242313,2988.3568613488483,2189.4725914001465,2588.914726374497
Saudi Arabia,2019,661.3180426443927,480.25499963760376,570.7865211409983,3061.9909880509895,2189.4725914001465,2625.731789725568
Saudi Arabia,2020,678.876978267502,480.25499963760376,579.5659889525529,3129.08917297664,2189.4725914001465,2659.280882188393
Saudi Arabia,2021,702.3171067634022,480.25499963760376,591.2860532005029,3239.990225984323,2189.4725914001465,2714.7314086922347
Saudi Arabia,2022,715.6339926999989,480.25499963760376,597.9444961688014,3320.175279937098,2189.4725914001465,2754.823935668622
Saudi Arabia,2023,731.0701667335586,480.25499963760376,605.6625831855812,3393.8094066392823,2189.4725914001465,2791.6409990197144
Saudi Arabia,2024,768.3104876288444,480.25499963760376,624.2827436332241,3521.49590446362,2189.4725914001465,2855.484247931883
Saudi Arabia,2025,790.1102257451148,480.25499963760376,635.1826126913593,3575.611456337135,2189.4725914001465,2882.542023868641
Saudi Arabia,2026,814.0204420144424,480.25499963760376,647.137720826023,3623.3023380245304,2189.4725914001465,2906.3874647123384
Saudi Arabia,2027,840.0294972366066,480.25499963760376,660.1422484371052,3664.6275404954513,2189.4725914001465,2927.050065947799
Saudi Arabia,2028,838.0626117180158,480.25499963760376,659.1588056778098,3853.314323051881,2189.4725914001465,3021.3934572260137
Saudi Arabia,2029,859.8623498343334,480.25499963760376,670.0586747359686,3907.42987492513,2189.4725914001465,3048.4512331626383
Saudi Arabia,2030,883.7725661036367,480.25499963760376,682.0137828706202,3955.1207566127327,2189.4725914001465,3072.2966740064394
Saudi Arabia,2031,909.7816213259542,480.25499963760376,695.018310481779,3996.44595908296,2189.4725914001465,3092.9592752415533
Saudi Arabia,2032,907.8147358072321,480.25499963760376,694.0348677224179,4185.1327416398235,2189.4725914001465,3187.302666519985
Saudi Arabia,2033,929.6144739234511,480.25499963760376,704.9347367805274,4239.248293513703,2189.4725914001465,3214.360442456925
Saudi Arabia,2034,953.5246901929041,480.25499963760376,716.8898449152539,4286.939175200478,2189.4725914001465,3238.205883300312
Saudi Arabia,2035,953.5246901929041,480.25499963760376,716.8898449152539,4286.939175200478,2189.4725914001465,3238.205883300312
South Korea,1993,352.7658324631429,530.9339361190796,441.84988429111127,1636.966028366085,2813.5927734375,2225.2794009017925
South Korea,1994,364.0730900741032,530.9339361190796,447.5035130965914,1716.39942617111,2813.5927734375,2264.9960998043052
South Korea,1995,375.7563494843026,530.9339361190796,453.34514280169105,1799.5850470144817,2813.5927734375,2306.5889102259907
South Korea,1996,387.81686354877394,530.9339361190796,459.37539983392674,1886.5191123497361,2813.5927734375,2350.055942893618
South Korea,1997,405.81087034809696,530.9339361190796,468.3724032335883,1970.8193946058,2813.5927734375,2392.20608402165
South Korea,1998,417.1181279522703,530.9339361190796,474.0260320356749,2050.215096562557,2813.5927734375,2431.9039350000285
South Korea,1999,428.8013873566813,530.9339361190796,479.86766173788044,2133.3604031981135,2813.5927734375,2473.476588317807
South Korea,2000,440.86190141668806,530.9339361190796,485.8979187678838,2220.2141611234547,2813.5927734375,2516.9034672804773
South Korea,2001,458.8559082199829,530.9339361190796,494.89492216953124,2304.412922590998,2813.5927734375,2559.002848014249
South Korea,2002,470.16316583475486,530.9339361190796,500.5485509769172,2383.686854042302,2813.5927734375,2598.639813739901
South Korea,2003,481.8464252367234,530.9339361190796,506.3901806779015,2466.6179343485896,2813.5927734375,2640.1053538930446
South Korea,2004,493.9069392930389,530.9339361190796,512.4204377060593,2551.6968290230247,2813.5927734375,2682.6448012302626
South Korea,2005,511.90094607612576,530.9339361190796,521.4174410976027,2634.101944926041,2813.5927734375,2723.8473591817706
South Korea,2006,523.2082036652694,530.9339361190796,527.0710698921745,2711.610302280299,2813.5927734375,2762.6015378588995
South Korea,2007,534.8914630524976,530.9339361190796,532.9126995857886,2792.8500678644723,2813.5927734375,2803.221420650986
South Korea,2008,546.951977086431,530.9339361190796,538.9429566027553,2877.8382766440295,2813.5927734375,2845.715525040765
South Korea,2009,564.9459838528571,530.9339361190796,547.9399599859684,2960.190135232415,2813.5927734375,2886.8914543349574
South Korea,2010,576.2515896968864,530.9339361190796,553.592762907983,3037.6776774925675,2813.5927734375,2925.6352254650337
South Korea,2011,587.9151883262294,530.9339361190796,559.4245622226545,3118.909454146651,2813.5927734375,2966.2511137920756
South Korea,2012,597.722777765208,530.9339361190796,564.3283569421437,3177.689022715598,2813.5927734375,2995.640898076549
South Korea,2013,613.4380202645457,530.9339361190796,572.1859781918126,3233.682625925683,2813.5927734375,3023.6376996815916
South Korea,2014,622.4624601422399,530.9339361190796,576.6981981306598,3284.8385612531847,2813.5927734375,3049.2156673453424
South Korea,2015,631.8540938744434,530.9339361190796,581.3940149967615,3339.7350470201823,2813.5927734375,3076.663910228841
South Korea,2016,641.6028253272334,530.9339361190796,586.2683807231565,3398.192984058038,2813.5927734375,3105.892878747769
South Korea,2017,640.9987346363499,530.9339361190796,585.9663353777148,3431.5889111446577,2813.5927734375,3122.590842291079
South Korea,2018,633.7450729713144,530.9339361190796,582.339504545197,3460.1783412744053,2813.5927734375,3136.8855573559526
South Korea,2019,626.8674131021176,530.9339361190796,578.9006746105986,3492.519994685147,2813.5927734375,3153.0563840613236
South Korea,2020,620.367007893162,530.9339361190796,575.6504720061208,3528.610091797602,2813.5927734375,3171.101432617551
South Korea,2021,619.7492435861999,530.9339361190796,575.3415898526398,3561.92987126787,2813.5927734375,3187.761322352685
South Korea,2022,612.4955819211536,530.9339361190796,571.7147590201166,3590.519301397613,2813.5927734375,3202.0560374175566
South Korea,2023,605.6179220519582,530.9339361190796,568.2759290855189,3622.8609548083323,2813.5927734375,3218.226864122916
South Korea,2024,592.9948318977752,530.9339361190796,561.9643840084274,3698.77866638684,2813.5927734375,3256.18571991217
South Korea,2025,587.2495456591726,530.9339361190796,559.0917408891261,3742.325746077385,2813.5927734375,3277.9592597574424
South Korea,2026,581.8805509037288,530.9339361190796,556.4072435114042,3789.5671463833605,2813.5927734375,3301.5799599104303
South Korea,2027,576.8859576259588,530.9339361190796,553.9099468725192,3840.470675770862,2813.5927734375,3327.031724604181
South Korea,2028,571.7453408476299,530.9339361190796,551.3396384833547,3829.1196265100853,2813.5927734375,3321.3561999737926
South Korea,2029,566.0000546090253,530.9339361190796,548.4669953640524,3872.6667062007364,2813.5927734375,3343.129739819118
South Korea,2030,560.6310598536038,530.9339361190796,545.7824979863417,3919.9081065067085,2813.5927734375,3366.7504399721042
South Korea,2031,555.636466575843,530.9339361190796,543.2852013474612,3970.8116358945285,2813.5927734375,3392.202204666014
South Korea,2032,550.4958497974876,530.9339361190796,540.7148929582836,3959.460586633483,2813.5927734375,3386.5266800354916
South Korea,2033,544.7505635588743,530.9339361190796,537.842249838977,4003.0076663238265,2813.5927734375,3408.3002198806635
South Korea,2034,539.3815688034401,530.9339361190796,535.1577524612599,4050.2490666300973,2813.5927734375,3431.9209200337987
South Korea,2035,539.3815688034401,530.9339361190796,535.1577524612599,4050.2490666300973,2813.5927734375,3431.9209200337987
Ukraine,1993,410.2261619280751,286.17584562301636,348.2010037755457,1960.6833463698167,1366.8194179534912,1663.751382161654
Ukraine,1994,394.8363164750965,286.17584562301636,340.50608104905643,1901.1691621147645,1366.8194179534912,1633.994290034128
Ukraine,1995,381.79896842018854,286.17584562301636,333.98740702160245,1858.3870955323323,1366.8194179534912,1612.6032567429118
Ukraine,1996,371.1208351027744,286.17584562301636,328.6483403628954,1832.3459252507541,1366.8194179534912,1599.5826716021227
Ukraine,1997,380.702221300902,286.17584562301636,333.4390334619592,1822.286493993342,1366.8194179534912,1594.5529559734166
Ukraine,1998,365.3123758504858,286.17584562301636,325.74411073675105,1762.7723097424519,1366.8194179534912,1564.7958638479715
Ukraine,1999,352.27502779381825,286.17584562301636,319.2254367084173,1719.99024317555,1366.8194179534912,1543.4048305645206
Ukraine,2000,341.59689449340163,286.17584562301636,313.88637005820897,1693.949072914844,1366.8194179534912,1530.3842454341675
Ukraine,2001,351.17828071829814,286.17584562301636,318.6770631706572,1683.8896416703035,1366.8194179534912,1525.3545298118975
Ukraine,2002,335.7884352956594,286.17584562301636,310.98214045933787,1624.3754574320997,1366.8194179534912,1495.5974376927954
Ukraine,2003,322.75108726582937,286.17584562301636,304.46346644442286,1581.593390863763,1366.8194179534912,1474.2064044086271
Ukraine,2004,312.072953992705,286.17584562301636,299.12439980786064,1555.5522205910897,1366.8194179534912,1461.1858192722905
Ukraine,2005,321.65434025429624,286.17584562301636,303.9150929386563,1545.4927892866315,1366.8194179534912,1456.1561036200615
Ukraine,2006,306.26449484267323,286.17584562301636,296.2201702328448,1485.9767286745139,1366.8194179534912,1426.3980733140024
Ukraine,2007,293.2271468131536,286.17584562301636,289.70149621808497,1443.1837297208629,1366.8194179534912,1405.0015738371771
Ukraine,2008,282.5490135291915,286.17584562301636,284.3624295761039,1417.064499531275,1366.8194179534912,1391.9419587423831
Ukraine,2009,292.1303997693996,286.17584562301636,289.153122696208,1406.8280146255318,1366.8194179534912,1386.8237162895116
Ukraine,2010,276.7405543471028,286.17584562301636,281.45819998505954,1347.0717183385946,1366.8194179534912,1356.945568146043
Ukraine,2011,263.7032063065999,286.17584562301636,274.9395259648081,1303.9551044517953,1366.8194179534912,1335.3872612026432
Ukraine,2012,253.02505916734393,286.17584562301636,269.6004523951801,1265.1285175907992,1366.8194179534912,1315.9739677721452
Ukraine,2013,262.60638838233854,286.17584562301636,274.39111700267745,1242.227183791119,1366.8194179534912,1304.523300872305
Ukraine,2014,247.21648609004006,286.17584562301636,266.6961658565282,1169.8573612374341,1366.8194179534912,1268.3383895954626
Ukraine,2015,234.1790139743837,286.17584562301636,260.1774297987,1114.2166213524958,1366.8194179534912,1240.5180196529936
Ukraine,2016,223.50070771895514,286.17584562301636,254.83827667098575,1075.3042296545852,1366.8194179534912,1221.0618238040383
Ukraine,2017,233.08192050231162,286.17584562301636,259.628883062664,1052.338313277896,1366.8194179534912,1209.5788656156938
Ukraine,2018,217.6919020843775,286.17584562301636,251.93387385369692,979.949428057117,1366.8194179534912,1173.3844230053041
Ukraine,2019,204.6543810595037,286.17584562301636,245.41511334126002,924.2926605124455,1366.8194179534912,1145.5560392329685
Ukraine,2020,193.9760747791642,286.17584562301636,240.07596020109028,885.3767892676965,1366.8194179534912,1126.0981036105939
Ukraine,2021,203.55728754974876,286.17584562301636,244.86656658638256,862.4073838853876,1366.8194179534912,1114.6134009194393
Ukraine,2022,188.16726913178059,286.17584562301636,237.17155737739847,790.018498664575,1366.8194179534912,1078.418958309033
Ukraine,2023,175.1297481069369,286.17584562301636,230.6527968649766,734.361731119988,1366.8194179534912,1050.5905745367395
Ukraine,2024,156.13480116451694,286.17584562301636,221.15532339376665,673.249715418014,1366.8194179534912,1020.0345666857527
Ukraine,2025,150.17800820754303,286.17584562301636,218.1769269152797,667.722219139682,1366.8194179534912,1017.2708185465866
Ukraine,2026,146.5749812066025,286.17584562301636,216.37541341480943,678.7824730747236,1366.8194179534912,1022.8009455141074
Ukraine,2027,145.3153867773037,286.17584562301636,215.74561620016004,706.3199001876227,1366.8194179534912,1036.569659070557
Ukraine,2028,126.6101682119826,286.17584562301636,206.39300691749946,483.3187860256686,1366.8194179534912,925.0691019895798
Ukraine,2029,120.65337525503065,286.17584562301636,203.4146104390235,477.7912897477645,1366.8194179534912,922.3053538506279
Ukraine,2030,117.05034825411747,286.17584562301636,201.6130969385669,488.85154368262477,1366.8194179534912,927.8354808180579
Ukraine,2031,115.79075382493613,286.17584562301636,200.98329972397624,516.3889707968377,1366.8194179534912,941.6041943751645
Ukraine,2032,97.08553525947138,286.17584562301636,191.63069044124387,293.38785663380725,1366.8194179534912,830.1036372936492
Ukraine,2033,91.12874230245566,286.17584562301636,188.652293962736,287.8603603548885,1366.8194179534912,827.3398891541899
Ukraine,2034,87.52571530161035,286.17584562301636,186.85078046231337,298.92061429106,1366.8194179534912,832.8700161222756
Ukraine,2035,87.52571530161035,286.17584562301636,186.85078046231337,298.92061429106,1366.8194179534912,832.8700161222756
United States,1993,5360.256933119525,5540.852935791016,5450.55493445527,23880.40412513476,25835.827270507812,24858.115697821286
United States,1994,5486.9384902158345,5540.852935791016,5513.895713003425,24435.19938595961,25835.827270507812,25135.513328233712
United States,1995,5549.929543489672,5540.852935791016,5545.391239640344,24748.86132644536,25835.827270507812,25292.344298476586
United States,1996,5549.244700126981,5540.852935791016,5545.048817958998,24821.364294115672,25835.827270507812,25328.595782311742
United States,1997,5615.076324042396,5540.852935791016,5577.964629916705,24944.583453787985,25835.827270507812,25390.2053621479
United States,1998,5741.756943254326,5540.852935791016,5641.304939522671,25499.378484766177,25835.827270507812,25667.602877636993
United States,1999,5804.747058712437,5540.852935791016,5672.799997251726,25812.60424452386,25835.827270507812,25824.215757515834
United States,2000,5804.0565383647645,5540.852935791016,5672.45473707789,25884.257830233673,25835.827270507812,25860.042550370745
United States,2001,5867.598270411595,5540.852935791016,5704.225603101306,26005.790888280237,25835.827270507812,25920.809079394025
United States,2002,5988.826716624326,5540.852935791016,5764.839826207671,26431.326615302867,25835.827270507812,26133.57694290534
United States,2003,6046.310648130575,5540.852935791016,5793.581791960795,26454.60076437191,25835.827270507812,26145.21401743986
United States,2004,6040.053611482217,5540.852935791016,5790.453273636616,26235.90969031478,25835.827270507812,26035.868480411296
United States,2005,5980.08516654423,5540.852935791016,5760.469051167623,26066.841091142356,25835.827270507812,25951.334180825084
United States,2006,5981.264178273749,5540.852935791016,5761.058557032382,26330.056115335516,25835.827270507812,26082.941692921664
United States,2007,5918.738075236616,5540.852935791016,5729.795505513815,26352.06345935421,25835.827270507812,26093.94536493101
United States,2008,5792.484725453685,5540.852935791016,5666.6688306223505,26132.908944421513,25835.827270507812,25984.368107464663
United States,2009,5732.403819761479,5540.852935791016,5636.628377776247,25963.67163422896,25835.827270507812,25899.749452368385
United States,2010,5733.516869731491,5540.852935791016,5637.184902761253,26226.809396352157,25835.827270507812,26031.318333429983
United States,2011,5670.9394163383495,5540.852935791016,5605.896176064683,26248.81523556421,25835.827270507812,26042.32125303601
United States,2012,5544.686066857523,5540.852935791016,5542.769501324269,26029.693278332634,25835.827270507812,25932.760274420223
United States,2013,5484.605161388374,5540.852935791016,5512.729048589695,25861.52825055858,25835.827270507812,25848.677760533195
United States,2014,5485.73226613532,5540.852935791016,5513.292600963168,26126.663288903517,25835.827270507812,25981.245279705665
United States,2015,5423.168867707576,5540.852935791016,5482.010901749296,26170.201169529748,25835.827270507812,26003.01422001878
United States,2016,5296.929572152476,5540.852935791016,5418.891253971746,25974.145518157195,25835.827270507812,25904.986394332504
United States,2017,5236.862759254715,5540.852935791016,5388.857847522865,25828.548019967093,25835.827270507812,25832.187645237453
United States,2018,5237.989863862119,5540.852935791016,5389.421399826568,26115.429587106068,25835.827270507812,25975.62842880694
United States,2019,5175.426465267225,5540.852935791016,5358.13970052912,26161.177857721577,25835.827270507812,25998.502564114693
United States,2020,5049.187169849531,5540.852935791016,5295.020052820273,25965.76720380931,25835.827270507812,25900.797237158564
United States,2021,4989.120356937965,5540.852935791016,5264.98664636449,25820.33878278056,25835.827270507812,25828.083026644184
United States,2022,4990.247461545339,5540.852935791016,5265.5501986681775,26107.22034991971,25835.827270507812,25971.52381021376
United States,2023,4927.6840629503,5540.852935791016,5234.268499370658,26152.968620534346,25835.827270507812,25994.39794552108
United States,2024,4611.653397272827,5540.852935791016,5076.253166531921,25521.375041926094,25835.827270507812,25678.60115621695
United States,2025,4358.542775189284,5540.852935791016,4949.69785549015,24845.218104695883,25835.827270507812,25340.52268760185
United States,2026,4042.454328511371,5540.852935791016,4791.653632151193,23930.29565293581,25835.827270507812,24883.06146172181
United States,2027,3663.8375102490077,5540.852935791016,4602.345223020012,22778.22437441711,25835.827270507812,24307.025822462463
United States,2028,4363.910994955526,5540.852935791016,4952.381965373271,25513.165804737422,25835.827270507812,25674.496537622617
United States,2029,4110.8003728701115,5540.852935791016,4825.8266543305635,24837.008867500503,25835.827270507812,25336.418069004158
United States,2030,3794.711926193364,5540.852935791016,4667.78243099219,23922.086415744467,25835.827270507812,24878.95684312614
United States,2031,3416.095107925565,5540.852935791016,4478.47402185829,22770.015137206003,25835.827270507812,24302.92120385691
United States,2032,4116.168592636102,5540.852935791016,4828.510764213559,25504.956567541354,25835.827270507812,25670.391919024583
United States,2033,3863.057970555052,5540.852935791016,4701.955453173034,24828.79963031977,25835.827270507812,25332.313450413792
United States,2034,3546.9695238724257,5540.852935791016,4543.91122983172,23913.877178542625,25835.827270507812,24874.852224525217
United States,2035,3546.9695238724257,5540.852935791016,4543.91122983172,23913.877178542625,25835.827270507812,24874.852224525217
